occurrences	word	rel_freq
17324	,	0.09500411296956403
10661	que	0.058464491362763917
8928	de	0.04896078969015629
8164	y	0.04477104469426926
4976	la	0.0272881820674527
4702	a	0.025785577186728817
3898	en	0.021376473814093775
3892	.	0.021343570057581574
3752	el	0.02057581573896353
2936	-	0.016100904853304086
2827	no	0.015503153276665753
2401	se	0.013166986564299423
2122	los	0.01163696188648204
2026	con	0.011110501782286812
1873	por	0.010271455991225665
1852	su	0.010156292843432958
1797	le	0.009854675075404442
1760	lo	0.009651768576912531
1503	las	0.008242391006306554
1375	;	0.0075404442007129145
1154	como	0.006328489169180148
1150	del	0.006306553331505347
1137	me	0.006235261859062243
1052	don	0.005769125308472717
998	más	0.005472991499862901
988	es	0.005418151905675898
885	un	0.004853304085549767
868	si	0.004760076775431862
860	yo	0.0047162051000822595
847	Quijote	0.004644913627639156
835	al	0.004579106114614752
812	dijo	0.0044529750479846445
797	:	0.0043707156567041406
769	mi	0.004217164792980532
742	tan	0.004069097888675624
735	él	0.004030710172744722
710	para	0.003893611187277214
705	porque	0.0038661913901837128
663	Sancho	0.0036358650945983
652	había	0.003575541540992597
626	ni	0.003432958596106389
619	sin	0.0033945708801754867
602	una	0.0033013435700575814
559	todo	0.0030655333150534686
533	o	0.0029229503701672607
503	Y	0.002758431587606252
502	bien	0.0027529476281875514
494	ser	0.002709075952837949
492	sus	0.0026981080340005483
465	era	0.0025500411296956404
464	esto	0.00254455717027694
457	así	0.0025061694543460377
448	ha	0.002456813819577735
431	¿	0.00236358650945983
431	?	0.00236358650945983
426	vuestra	0.0023361667123663284
426	respondió	0.0023361667123663284
417	todos	0.002286811077598026
398	cual	0.00218261584864272
371	ya	0.002034548944337812
369	merced	0.0020235810255004112
368	fue	0.002018097066081711
360	cuando	0.0019742253907321086
355	ella	0.001946805593638607
352	señor	0.0019303537153825062
344	te	0.0018864820400329037
340	este	0.0018645462023581026
331	donde	0.0018151905675897998
330	pues	0.0018097066081710995
325	sino	0.001782286811077598
322	caballero	0.0017658349328214971
318	qué	0.001743899095146696
317	aquel	0.0017384151357279956
315	quien	0.001727447216890595
315	hacer	0.001727447216890595
312	""""	0.001710995338634494
303	esta	0.0016616397038661914
300	muy	0.0016451878256100905
296	dos	0.0016232519879352894
285	otra	0.0015629284343295859
278	pero	0.0015245407183986839
274	cosa	0.0015026048807238825
271	aunque	0.0014861530024677817
262	estaba	0.001436797367699479
256	decir	0.0014038936111872772
254	allí	0.0013929256923498766
253	No	0.0013874417329311764
245	otro	0.001343570057581574
242	he	0.001327118179325473
241	nos	0.0013216342199067726
238	os	0.0013051823416506717
238	cura	0.0013051823416506717
237	tanto	0.0012996983822319715
233	¡	0.0012777625445571702
233	!	0.0012777625445571702
226	mí	0.0012393748286262682
223	señora	0.0012229229503701673
223	poco	0.0012229229503701673
220	mal	0.0012064710721140664
218	aquella	0.0011955031532766658
214	tenía	0.0011735673156018644
209	ver	0.0011461475185083631
207	manera	0.0011351795996709625
207	alguna	0.0011351795996709625
206	luego	0.0011296956402522622
204	hasta	0.0011187277214148616
203	aquí	0.0011132437619961611
200	buen	0.0010967918837400603
197	Dios	0.0010803400054839594
195	está	0.0010693720866465587
192	vida	0.0010529202083904578
188	sé	0.0010309843707156567
188	padre	0.0010309843707156567
187	verdad	0.0010255004112969565
186	parte	0.001020016451878256
185	hay	0.0010145324924595558
185	dicho	0.0010145324924595558
185	buena	0.0010145324924595558
183	sobre	0.0010035645736221552
181	son	9.925966547847545e-4
180	les	9.871126953660543e-4
180	cosas	9.871126953660543e-4
179	tengo	9.81628735947354e-4
177	uno	9.706608171099534e-4
172	tiempo	9.432410200164519e-4
172	lugar	9.432410200164519e-4
171	ellos	9.377570605977515e-4
171	dar	9.377570605977515e-4
170	toda	9.322731011790513e-4
170	tal	9.322731011790513e-4
169	mis	9.26789141760351e-4
167	tiene	9.158212229229503e-4
167	mundo	9.158212229229503e-4
164	ahora	8.993693446668494e-4
163	puesto	8.938853852481492e-4
163	menos	8.938853852481492e-4
161	tu	8.829174664107486e-4
161	amo	8.829174664107486e-4
160	todas	8.774335069920482e-4
160	entre	8.774335069920482e-4
160	En	8.774335069920482e-4
160	aun	8.774335069920482e-4
154	mucho	8.445297504798465e-4
152	han	8.335618316424458e-4
152	fuera	8.335618316424458e-4
150	dio	8.225939128050452e-4
150	casa	8.225939128050452e-4
150	Camila	8.225939128050452e-4
149	tierra	8.171099533863449e-4
149	mano	8.171099533863449e-4
147	Pero	8.061420345489444e-4
147	mejor	8.061420345489444e-4
146	vio	8.00658075130244e-4
146	solo	8.00658075130244e-4
146	caballeros	8.00658075130244e-4
143	Lotario	7.842061968741431e-4
141	hizo	7.732382780367425e-4
141	hecho	7.732382780367425e-4
141	algún	7.732382780367425e-4
140	habían	7.677543186180423e-4
140	amigo	7.677543186180423e-4
138	barbero	7.567863997806416e-4
137	otras	7.513024403619413e-4
137	cielo	7.513024403619413e-4
137	Anselmo	7.513024403619413e-4
135	Fernando	7.403345215245407e-4
133	gran	7.293666026871402e-4
132	puede	7.238826432684398e-4
132	antes	7.238826432684398e-4
129	mesmo	7.07430765012339e-4
128	día	7.019468055936386e-4
127	saber	6.964628461749383e-4
127	ojos	6.964628461749383e-4
127	fin	6.964628461749383e-4
126	visto	6.90978886756238e-4
126	sí	6.90978886756238e-4
126	Rocinante	6.90978886756238e-4
126	mas	6.90978886756238e-4
125	tener	6.854949273375377e-4
125	sea	6.854949273375377e-4
125	Panza	6.854949273375377e-4
125	cuanto	6.854949273375377e-4
124	punto	6.800109679188374e-4
124	estas	6.800109679188374e-4
123	tú	6.745270085001371e-4
122	otros	6.690430490814367e-4
122	decía	6.690430490814367e-4
121	podía	6.635590896627365e-4
120	venta	6.580751302440362e-4
120	razones	6.580751302440362e-4
120	Pues	6.580751302440362e-4
119	haber	6.525911708253359e-4
119	estos	6.525911708253359e-4
119	El	6.525911708253359e-4
118	camino	6.471072114066356e-4
117	eso	6.416232519879353e-4
116	nuestro	6.36139292569235e-4
115	días	6.306553331505347e-4
114	hombre	6.251713737318344e-4
114	gusto	6.251713737318344e-4
114	Dorotea	6.251713737318344e-4
113	mucha	6.196874143131341e-4
112	soy	6.142034548944338e-4
111	libros	6.087194954757334e-4
111	cuenta	6.087194954757334e-4
110	parece	6.032355360570332e-4
110	manos	6.032355360570332e-4
110	desta	6.032355360570332e-4
109	será	5.977515766383329e-4
109	quiero	5.977515766383329e-4
107	noche	5.867836578009322e-4
107	digo	5.867836578009322e-4
106	voluntad	5.81299698382232e-4
106	escudero	5.81299698382232e-4
105	tres	5.758157389635317e-4
104	tanta	5.703317795448313e-4
104	historia	5.703317795448313e-4
104	después	5.703317795448313e-4
103	también	5.648478201261311e-4
102	fuese	5.593638607074308e-4
101	eran	5.538799012887305e-4
101	deseo	5.538799012887305e-4
101	Cardenio	5.538799012887305e-4
101	A	5.538799012887305e-4
100	vos	5.483959418700301e-4
100	grande	5.483959418700301e-4
99	veces	5.429119824513299e-4
99	quién	5.429119824513299e-4
99	muchas	5.429119824513299e-4
98	ventero	5.374280230326296e-4
98	primero	5.374280230326296e-4
98	Luscinda	5.374280230326296e-4
98	diciendo	5.374280230326296e-4
97	quiso	5.319440636139292e-4
97	duda	5.319440636139292e-4
97	cómo	5.319440636139292e-4
95	vez	5.209761447765287e-4
93	cabeza	5.10008225939128e-4
92	cada	5.045242665204277e-4
91	mío	4.990403071017275e-4
91	caballo	4.990403071017275e-4
90	suerte	4.935563476830271e-4
90	nombre	4.935563476830271e-4
89	mujer	4.8807238826432687e-4
88	palabra	4.8258842884562654e-4
88	Así	4.8258842884562654e-4
88	aquellos	4.8258842884562654e-4
87	sido	4.7710446942692626e-4
87	muchos	4.7710446942692626e-4
87	De	4.7710446942692626e-4
86	menester	4.7162051000822593e-4
86	desde	4.7162051000822593e-4
85	vino	4.6613655058952566e-4
85	replicó	4.6613655058952566e-4
85	jamás	4.6613655058952566e-4
85	caballería	4.6613655058952566e-4
85	andante	4.6613655058952566e-4
84	mía	4.606525911708253e-4
84	iba	4.606525911708253e-4
84	Dulcinea	4.606525911708253e-4
83	parecer	4.5516863175212505e-4
83	gente	4.5516863175212505e-4
82	modo	4.496846723334247e-4
82	entonces	4.496846723334247e-4
82	andantes	4.496846723334247e-4
81	poner	4.4420071291472444e-4
81	estaban	4.4420071291472444e-4
81	deste	4.4420071291472444e-4
81	amor	4.4420071291472444e-4
80	vuestro	4.387167534960241e-4
80	voz	4.387167534960241e-4
80	tales	4.387167534960241e-4
80	llegó	4.387167534960241e-4
80	hermosa	4.387167534960241e-4
80	fuerza	4.387167534960241e-4
80	entender	4.387167534960241e-4
80	dice	4.387167534960241e-4
79	cuales	4.3323279407732384e-4
79	causa	4.3323279407732384e-4
79	armas	4.3323279407732384e-4
79	adelante	4.3323279407732384e-4
78	Zoraida	4.277488346586235e-4
78	Qué	4.277488346586235e-4
78	nada	4.277488346586235e-4
78	debe	4.277488346586235e-4
78	alguno	4.277488346586235e-4
77	memoria	4.2226487523992323e-4
76	según	4.167809158212229e-4
76	rey	4.167809158212229e-4
76	pie	4.167809158212229e-4
76	hija	4.167809158212229e-4
75	ocasión	4.112969564025226e-4
75	mismo	4.112969564025226e-4
75	mil	4.112969564025226e-4
75	ir	4.112969564025226e-4
75	doncella	4.112969564025226e-4
75	dado	4.112969564025226e-4
74	viendo	4.0581299698382235e-4
74	puso	4.0581299698382235e-4
74	palabras	4.0581299698382235e-4
74	libro	4.0581299698382235e-4
74	La	4.0581299698382235e-4
73	Yo	4.00329037565122e-4
73	Si	4.00329037565122e-4
73	hace	4.00329037565122e-4
72	nunca	3.9484507814642174e-4
72	demás	3.9484507814642174e-4
72	aquello	3.9484507814642174e-4
71	pies	3.893611187277214e-4
71	hacía	3.893611187277214e-4
71	daba	3.893611187277214e-4
71	cuerpo	3.893611187277214e-4
71	comenzó	3.893611187277214e-4
71	castillo	3.893611187277214e-4
71	caso	3.893611187277214e-4
70	voces	3.8387715930902113e-4
70	delante	3.8387715930902113e-4
69	quedó	3.783931998903208e-4
69	Por	3.783931998903208e-4
69	muerte	3.783931998903208e-4
69	Mas	3.783931998903208e-4
69	fueron	3.783931998903208e-4
69	Con	3.783931998903208e-4
68	va	3.729092404716205e-4
68	tienen	3.729092404716205e-4
68	tantas	3.729092404716205e-4
68	razón	3.729092404716205e-4
68	poder	3.729092404716205e-4
68	nosotros	3.729092404716205e-4
68	ninguna	3.729092404716205e-4
68	estar	3.729092404716205e-4
68	cuatro	3.729092404716205e-4
68	contra	3.729092404716205e-4
67	ventura	3.674252810529202e-4
67	suelo	3.674252810529202e-4
67	rostro	3.674252810529202e-4
67	posible	3.674252810529202e-4
67	pena	3.674252810529202e-4
67	mayor	3.674252810529202e-4
66	siempre	3.619413216342199e-4
66	salir	3.619413216342199e-4
66	persona	3.619413216342199e-4
66	mala	3.619413216342199e-4
66	hermosura	3.619413216342199e-4
66	algunos	3.619413216342199e-4
65	Que	3.564573622155196e-4
65	aventura	3.564573622155196e-4
65	años	3.564573622155196e-4
64	venía	3.509734027968193e-4
64	alma	3.509734027968193e-4
63	unos	3.45489443378119e-4
63	tuvo	3.45489443378119e-4
63	tus	3.45489443378119e-4
63	nuevo	3.45489443378119e-4
63	debía	3.45489443378119e-4
63	casi	3.45489443378119e-4
63	aquellas	3.45489443378119e-4
62	tantos	3.400054839594187e-4
62	pudo	3.400054839594187e-4
62	nadie	3.400054839594187e-4
62	dél	3.400054839594187e-4
62	cabo	3.400054839594187e-4
61	quiere	3.345215245407184e-4
61	ellas	3.345215245407184e-4
60	valor	3.290375651220181e-4
60	mesma	3.290375651220181e-4
60	ese	3.290375651220181e-4
60	dejar	3.290375651220181e-4
59	pasar	3.235536057033178e-4
59	muerto	3.235536057033178e-4
59	mitad	3.235536057033178e-4
59	intención	3.235536057033178e-4
59	has	3.235536057033178e-4
59	estado	3.235536057033178e-4
59	cierto	3.235536057033178e-4
58	venir	3.180696462846175e-4
58	Toboso	3.180696462846175e-4
58	sería	3.180696462846175e-4
58	parecía	3.180696462846175e-4
58	hubo	3.180696462846175e-4
58	habéis	3.180696462846175e-4
58	espada	3.180696462846175e-4
58	ello	3.180696462846175e-4
58	algo	3.180696462846175e-4
57	partes	3.125856868659172e-4
57	oído	3.125856868659172e-4
57	nuestra	3.125856868659172e-4
57	fe	3.125856868659172e-4
57	famoso	3.125856868659172e-4
57	della	3.125856868659172e-4
57	contento	3.125856868659172e-4
57	capítulo	3.125856868659172e-4
56	tomar	3.071017274472169e-4
56	suyo	3.071017274472169e-4
56	pareció	3.071017274472169e-4
56	orden	3.071017274472169e-4
56	junto	3.071017274472169e-4
55	ninguno	3.016177680285166e-4
55	Mancha	3.016177680285166e-4
55	haya	3.016177680285166e-4
55	aventuras	3.016177680285166e-4
54	Porque	2.961338086098163e-4
54	podría	2.961338086098163e-4
54	libertad	2.961338086098163e-4
54	lágrimas	2.961338086098163e-4
54	hermano	2.961338086098163e-4
54	fama	2.961338086098163e-4
54	cuento	2.961338086098163e-4
54	brazo	2.961338086098163e-4
54	aposento	2.961338086098163e-4
53	volver	2.90649849191116e-4
53	mozo	2.90649849191116e-4
53	juicio	2.90649849191116e-4
53	dicen	2.90649849191116e-4
52	señores	2.8516588977241567e-4
52	quería	2.8516588977241567e-4
52	pecho	2.8516588977241567e-4
52	CAPÍTULO	2.8516588977241567e-4
51	Todo	2.796819303537154e-4
51	siendo	2.796819303537154e-4
51	Señor	2.796819303537154e-4
51	honra	2.796819303537154e-4
51	falta	2.796819303537154e-4
51	dellos	2.796819303537154e-4
51	dejó	2.796819303537154e-4
51	boca	2.796819303537154e-4
51	algunas	2.796819303537154e-4
50	reino	2.7419797093501506e-4
50	llevar	2.7419797093501506e-4
50	esa	2.7419797093501506e-4
50	entendimiento	2.7419797093501506e-4
50	cristianos	2.7419797093501506e-4
50	ciudad	2.7419797093501506e-4
50	caballerías	2.7419797093501506e-4
50	buscar	2.7419797093501506e-4
49	sabía	2.687140115163148e-4
49	quizá	2.687140115163148e-4
49	lengua	2.687140115163148e-4
49	corazón	2.687140115163148e-4
49	cabrero	2.687140115163148e-4
49	asno	2.687140115163148e-4
48	volvió	2.6323005209761446e-4
48	viene	2.6323005209761446e-4
48	presto	2.6323005209761446e-4
48	dieron	2.6323005209761446e-4
48	desgracia	2.6323005209761446e-4
48	da	2.6323005209761446e-4
48	bueno	2.6323005209761446e-4
48	agora	2.6323005209761446e-4
48	adonde	2.6323005209761446e-4
47	preguntó	2.577460926789142e-4
47	leer	2.577460926789142e-4
47	halló	2.577460926789142e-4
47	están	2.577460926789142e-4
47	cuán	2.577460926789142e-4
47	cristiano	2.577460926789142e-4
47	carta	2.577460926789142e-4
47	brazos	2.577460926789142e-4
46	pudiera	2.5226213326021385e-4
46	pensamientos	2.5226213326021385e-4
46	hablar	2.5226213326021385e-4
45	Ya	2.467781738415136e-4
45	vista	2.467781738415136e-4
45	sangre	2.467781738415136e-4
45	pueda	2.467781738415136e-4
45	pensaba	2.467781738415136e-4
45	peligro	2.467781738415136e-4
45	medio	2.467781738415136e-4
45	gigante	2.467781738415136e-4
45	Donde	2.467781738415136e-4
45	Digo	2.467781738415136e-4
45	batalla	2.467781738415136e-4
45	aún	2.467781738415136e-4
45	ansí	2.467781738415136e-4
45	)	2.467781738415136e-4
45	(	2.467781738415136e-4
44	trabajo	2.4129421442281327e-4
44	renegado	2.4129421442281327e-4
44	puerta	2.4129421442281327e-4
44	pienso	2.4129421442281327e-4
44	pensar	2.4129421442281327e-4
44	Leonela	2.4129421442281327e-4
44	hombres	2.4129421442281327e-4
44	agua	2.4129421442281327e-4
43	traía	2.3581025500411297e-4
43	silencio	2.3581025500411297e-4
43	querer	2.3581025500411297e-4
43	pensamiento	2.3581025500411297e-4
43	padres	2.3581025500411297e-4
43	llamaba	2.3581025500411297e-4
43	hijo	2.3581025500411297e-4
43	hicieron	2.3581025500411297e-4
43	gana	2.3581025500411297e-4
43	encantado	2.3581025500411297e-4
43	enamorado	2.3581025500411297e-4
43	e	2.3581025500411297e-4
43	creo	2.3581025500411297e-4
43	comer	2.3581025500411297e-4
42	venían	2.3032629558541266e-4
42	remedio	2.3032629558541266e-4
42	natural	2.3032629558541266e-4
42	hora	2.3032629558541266e-4
42	culpa	2.3032629558541266e-4
42	criado	2.3032629558541266e-4
42	cerca	2.3032629558541266e-4
42	buenos	2.3032629558541266e-4
42	Bien	2.3032629558541266e-4
41	vuestras	2.2484233616671236e-4
41	tenían	2.2484233616671236e-4
41	principio	2.2484233616671236e-4
41	Oh	2.2484233616671236e-4
41	loco	2.2484233616671236e-4
41	llegar	2.2484233616671236e-4
41	estoy	2.2484233616671236e-4
41	entrar	2.2484233616671236e-4
41	dije	2.2484233616671236e-4
41	deseos	2.2484233616671236e-4
41	dando	2.2484233616671236e-4
40	tuviese	2.1935837674801206e-4
40	tras	2.1935837674801206e-4
40	suceso	2.1935837674801206e-4
40	semejantes	2.1935837674801206e-4
40	princesa	2.1935837674801206e-4
40	pobre	2.1935837674801206e-4
40	oidor	2.1935837674801206e-4
40	muestras	2.1935837674801206e-4
40	locura	2.1935837674801206e-4
40	habiendo	2.1935837674801206e-4
40	discurso	2.1935837674801206e-4
40	debajo	2.1935837674801206e-4
40	cautivo	2.1935837674801206e-4
39	triste	2.1387441732931175e-4
39	ti	2.1387441732931175e-4
39	sabe	2.1387441732931175e-4
39	reina	2.1387441732931175e-4
39	nuevas	2.1387441732931175e-4
39	mañana	2.1387441732931175e-4
39	grandes	2.1387441732931175e-4
39	efeto	2.1387441732931175e-4
39	canónigo	2.1387441732931175e-4
39	apenas	2.1387441732931175e-4
38	valeroso	2.0839045791061145e-4
38	temor	2.0839045791061145e-4
38	suele	2.0839045791061145e-4
38	sola	2.0839045791061145e-4
38	primera	2.0839045791061145e-4
38	oír	2.0839045791061145e-4
38	obra	2.0839045791061145e-4
38	nuestros	2.0839045791061145e-4
38	misma	2.0839045791061145e-4
38	Luis	2.0839045791061145e-4
38	jumento	2.0839045791061145e-4
38	hubiera	2.0839045791061145e-4
38	estando	2.0839045791061145e-4
38	cuidado	2.0839045791061145e-4
38	conmigo	2.0839045791061145e-4
38	campo	2.0839045791061145e-4
37	yelmo	2.0290649849191117e-4
37	tomó	2.0290649849191117e-4
37	tenido	2.0290649849191117e-4
37	salió	2.0290649849191117e-4
37	podrá	2.0290649849191117e-4
37	leído	2.0290649849191117e-4
37	hago	2.0290649849191117e-4
37	fortuna	2.0290649849191117e-4
37	espacio	2.0290649849191117e-4
37	dolor	2.0290649849191117e-4
36	unas	1.9742253907321087e-4
36	sucesos	1.9742253907321087e-4
36	papel	1.9742253907321087e-4
36	oh	1.9742253907321087e-4
36	ningún	1.9742253907321087e-4
36	moros	1.9742253907321087e-4
36	mercedes	1.9742253907321087e-4
36	madre	1.9742253907321087e-4
36	hubiese	1.9742253907321087e-4
36	hacen	1.9742253907321087e-4
36	esperar	1.9742253907321087e-4
36	España	1.9742253907321087e-4
36	entró	1.9742253907321087e-4
36	enemigo	1.9742253907321087e-4
36	dé	1.9742253907321087e-4
35	oro	1.9193857965451057e-4
35	mirar	1.9193857965451057e-4
35	marido	1.9193857965451057e-4
35	lanza	1.9193857965451057e-4
35	hallar	1.9193857965451057e-4
35	hallado	1.9193857965451057e-4
35	hacia	1.9193857965451057e-4
35	fuere	1.9193857965451057e-4
35	edad	1.9193857965451057e-4
35	dijese	1.9193857965451057e-4
35	diablo	1.9193857965451057e-4
35	daño	1.9193857965451057e-4
35	cuantos	1.9193857965451057e-4
35	buenas	1.9193857965451057e-4
34	vieron	1.8645462023581026e-4
34	valiente	1.8645462023581026e-4
34	Triste	1.8645462023581026e-4
34	tenga	1.8645462023581026e-4
34	rico	1.8645462023581026e-4
34	quisiera	1.8645462023581026e-4
34	provecho	1.8645462023581026e-4
34	pastor	1.8645462023581026e-4
34	pasado	1.8645462023581026e-4
34	mar	1.8645462023581026e-4
34	haré	1.8645462023581026e-4
34	Figura	1.8645462023581026e-4
34	estuvo	1.8645462023581026e-4
34	Este	1.8645462023581026e-4
34	esposo	1.8645462023581026e-4
34	esposa	1.8645462023581026e-4
34	destos	1.8645462023581026e-4
34	cuya	1.8645462023581026e-4
34	criados	1.8645462023581026e-4
34	creer	1.8645462023581026e-4
34	condición	1.8645462023581026e-4
34	Caballero	1.8645462023581026e-4
34	Amadís	1.8645462023581026e-4
34	acabar	1.8645462023581026e-4
33	sean	1.8097066081710996e-4
33	sazón	1.8097066081710996e-4
33	paz	1.8097066081710996e-4
33	oídos	1.8097066081710996e-4
33	Lo	1.8097066081710996e-4
33	lejos	1.8097066081710996e-4
33	caer	1.8097066081710996e-4
33	andaba	1.8097066081710996e-4
33	alta	1.8097066081710996e-4
32	supo	1.7548670139840966e-4
32	suelen	1.7548670139840966e-4
32	sol	1.7548670139840966e-4
32	pudiese	1.7548670139840966e-4
32	necesidad	1.7548670139840966e-4
32	Los	1.7548670139840966e-4
32	guerra	1.7548670139840966e-4
32	fuesen	1.7548670139840966e-4
32	Don	1.7548670139840966e-4
32	compañía	1.7548670139840966e-4
32	ánimo	1.7548670139840966e-4
32	amistad	1.7548670139840966e-4
32	acaso	1.7548670139840966e-4
31	verdadera	1.7000274197970935e-4
31	trata	1.7000274197970935e-4
31	suya	1.7000274197970935e-4
31	seis	1.7000274197970935e-4
31	queda	1.7000274197970935e-4
31	puedo	1.7000274197970935e-4
31	poca	1.7000274197970935e-4
31	pesadumbre	1.7000274197970935e-4
31	perder	1.7000274197970935e-4
31	mayores	1.7000274197970935e-4
31	Maritornes	1.7000274197970935e-4
31	llaman	1.7000274197970935e-4
31	fuerte	1.7000274197970935e-4
31	esperanza	1.7000274197970935e-4
31	Eso	1.7000274197970935e-4
31	dónde	1.7000274197970935e-4
31	dices	1.7000274197970935e-4
31	bondad	1.7000274197970935e-4
31	barca	1.7000274197970935e-4
31	bacía	1.7000274197970935e-4
30	virtud	1.6451878256100905e-4
30	veo	1.6451878256100905e-4
30	ventera	1.6451878256100905e-4
30	tornó	1.6451878256100905e-4
30	resolución	1.6451878256100905e-4
30	principal	1.6451878256100905e-4
30	pasaba	1.6451878256100905e-4
30	mujeres	1.6451878256100905e-4
30	imaginación	1.6451878256100905e-4
30	escrito	1.6451878256100905e-4
30	dormir	1.6451878256100905e-4
30	diese	1.6451878256100905e-4
30	destas	1.6451878256100905e-4
30	capitán	1.6451878256100905e-4
29	versos	1.5903482314230875e-4
29	quedaron	1.5903482314230875e-4
29	pueden	1.5903482314230875e-4
29	moro	1.5903482314230875e-4
29	mirando	1.5903482314230875e-4
29	miedo	1.5903482314230875e-4
29	libre	1.5903482314230875e-4
29	hazañas	1.5903482314230875e-4
29	haría	1.5903482314230875e-4
29	haga	1.5903482314230875e-4
29	haciendo	1.5903482314230875e-4
29	género	1.5903482314230875e-4
29	fuego	1.5903482314230875e-4
29	finalmente	1.5903482314230875e-4
29	dueño	1.5903482314230875e-4
29	disparates	1.5903482314230875e-4
29	dineros	1.5903482314230875e-4
29	darle	1.5903482314230875e-4
29	amores	1.5903482314230875e-4
29	amigos	1.5903482314230875e-4
29	albarda	1.5903482314230875e-4
29	acabó	1.5903482314230875e-4
28	viento	1.5355086372360844e-4
28	tienes	1.5355086372360844e-4
28	término	1.5355086372360844e-4
28	sepa	1.5355086372360844e-4
28	risa	1.5355086372360844e-4
28	quieres	1.5355086372360844e-4
28	priesa	1.5355086372360844e-4
28	paso	1.5355086372360844e-4
28	Marcela	1.5355086372360844e-4
28	lado	1.5355086372360844e-4
28	hoy	1.5355086372360844e-4
28	hidalgo	1.5355086372360844e-4
28	hacienda	1.5355086372360844e-4
28	Grisóstomo	1.5355086372360844e-4
28	eres	1.5355086372360844e-4
28	contó	1.5355086372360844e-4
28	ama	1.5355086372360844e-4
27	vestido	1.4806690430490814e-4
27	silla	1.4806690430490814e-4
27	sacar	1.4806690430490814e-4
27	luz	1.4806690430490814e-4
27	lleno	1.4806690430490814e-4
27	licenciado	1.4806690430490814e-4
27	labrador	1.4806690430490814e-4
27	honestidad	1.4806690430490814e-4
27	Esta	1.4806690430490814e-4
27	discreto	1.4806690430490814e-4
27	diciéndole	1.4806690430490814e-4
27	deseaba	1.4806690430490814e-4
27	cuál	1.4806690430490814e-4
27	autor	1.4806690430490814e-4
27	andar	1.4806690430490814e-4
27	allá	1.4806690430490814e-4
27	aldea	1.4806690430490814e-4
27	ahí	1.4806690430490814e-4
27	agravio	1.4806690430490814e-4
26	vizcaíno	1.4258294488620784e-4
26	vi	1.4258294488620784e-4
26	toca	1.4258294488620784e-4
26	sucedió	1.4258294488620784e-4
26	Sí	1.4258294488620784e-4
26	Santa	1.4258294488620784e-4
26	quedar	1.4258294488620784e-4
26	Pedro	1.4258294488620784e-4
26	pastores	1.4258294488620784e-4
26	obras	1.4258294488620784e-4
26	mula	1.4258294488620784e-4
26	muestra	1.4258294488620784e-4
26	llevaba	1.4258294488620784e-4
26	licencia	1.4258294488620784e-4
26	letras	1.4258294488620784e-4
26	fueran	1.4258294488620784e-4
26	favor	1.4258294488620784e-4
26	Es	1.4258294488620784e-4
26	discreción	1.4258294488620784e-4
26	diligencia	1.4258294488620784e-4
26	decís	1.4258294488620784e-4
26	dama	1.4258294488620784e-4
26	claro	1.4258294488620784e-4
26	alcanzar	1.4258294488620784e-4
25	vuelto	1.3709898546750753e-4
25	vosotros	1.3709898546750753e-4
25	viese	1.3709898546750753e-4
25	veras	1.3709898546750753e-4
25	venganza	1.3709898546750753e-4
25	veinte	1.3709898546750753e-4
25	treinta	1.3709898546750753e-4
25	traje	1.3709898546750753e-4
25	sois	1.3709898546750753e-4
25	sabio	1.3709898546750753e-4
25	quitó	1.3709898546750753e-4
25	prosiguió	1.3709898546750753e-4
25	negocio	1.3709898546750753e-4
25	Luego	1.3709898546750753e-4
25	Juan	1.3709898546750753e-4
25	hacían	1.3709898546750753e-4
25	gloria	1.3709898546750753e-4
25	ejercicio	1.3709898546750753e-4
25	di	1.3709898546750753e-4
25	desdichado	1.3709898546750753e-4
25	dentro	1.3709898546750753e-4
25	cuyo	1.3709898546750753e-4
25	contado	1.3709898546750753e-4
25	consigo	1.3709898546750753e-4
25	cargo	1.3709898546750753e-4
25	barbas	1.3709898546750753e-4
25	ausencia	1.3709898546750753e-4
24	ventana	1.3161502604880723e-4
24	venido	1.3161502604880723e-4
24	vea	1.3161502604880723e-4
24	todavía	1.3161502604880723e-4
24	sucedido	1.3161502604880723e-4
24	sosiego	1.3161502604880723e-4
24	servido	1.3161502604880723e-4
24	señas	1.3161502604880723e-4
24	rogó	1.3161502604880723e-4
24	real	1.3161502604880723e-4
24	quitar	1.3161502604880723e-4
24	puedes	1.3161502604880723e-4
24	pueblo	1.3161502604880723e-4
24	prometido	1.3161502604880723e-4
24	personas	1.3161502604880723e-4
24	pasó	1.3161502604880723e-4
24	paciencia	1.3161502604880723e-4
24	nueva	1.3161502604880723e-4
24	noticia	1.3161502604880723e-4
24	moza	1.3161502604880723e-4
24	media	1.3161502604880723e-4
24	llamar	1.3161502604880723e-4
24	llama	1.3161502604880723e-4
24	juro	1.3161502604880723e-4
24	iban	1.3161502604880723e-4
24	hijos	1.3161502604880723e-4
24	fuerzas	1.3161502604880723e-4
24	esté	1.3161502604880723e-4
24	diré	1.3161502604880723e-4
24	cuadrilleros	1.3161502604880723e-4
24	consejo	1.3161502604880723e-4
24	cabellos	1.3161502604880723e-4
24	buscando	1.3161502604880723e-4
24	armado	1.3161502604880723e-4
23	verse	1.2613106663010692e-4
23	ruido	1.2613106663010692e-4
23	querría	1.2613106663010692e-4
23	propósito	1.2613106663010692e-4
23	primer	1.2613106663010692e-4
23	presencia	1.2613106663010692e-4
23	opinión	1.2613106663010692e-4
23	nuestras	1.2613106663010692e-4
23	mandó	1.2613106663010692e-4
23	llegando	1.2613106663010692e-4
23	jardín	1.2613106663010692e-4
23	huésped	1.2613106663010692e-4
23	hiciese	1.2613106663010692e-4
23	hice	1.2613106663010692e-4
23	hemos	1.2613106663010692e-4
23	grado	1.2613106663010692e-4
23	experiencia	1.2613106663010692e-4
23	especialmente	1.2613106663010692e-4
23	espaldas	1.2613106663010692e-4
23	encima	1.2613106663010692e-4
23	duque	1.2613106663010692e-4
23	dejando	1.2613106663010692e-4
23	dejado	1.2613106663010692e-4
23	decirle	1.2613106663010692e-4
23	conocer	1.2613106663010692e-4
23	caminos	1.2613106663010692e-4
23	cama	1.2613106663010692e-4
23	acuerdo	1.2613106663010692e-4
23	acá	1.2613106663010692e-4
22	Viendo	1.2064710721140663e-4
22	vestidos	1.2064710721140663e-4
22	venga	1.2064710721140663e-4
22	título	1.2064710721140663e-4
22	soldado	1.2064710721140663e-4
22	segundo	1.2064710721140663e-4
22	seguir	1.2064710721140663e-4
22	quisiere	1.2064710721140663e-4
22	quedaba	1.2064710721140663e-4
22	pusieron	1.2064710721140663e-4
22	presteza	1.2064710721140663e-4
22	plática	1.2064710721140663e-4
22	peor	1.2064710721140663e-4
22	pedazos	1.2064710721140663e-4
22	justo	1.2064710721140663e-4
22	industria	1.2064710721140663e-4
22	horas	1.2064710721140663e-4
22	hecha	1.2064710721140663e-4
22	habrá	1.2064710721140663e-4
22	forzoso	1.2064710721140663e-4
22	dejaba	1.2064710721140663e-4
22	darme	1.2064710721140663e-4
22	damas	1.2064710721140663e-4
22	árboles	1.2064710721140663e-4
22	andado	1.2064710721140663e-4
21	vivo	1.1516314779270633e-4
21	villano	1.1516314779270633e-4
21	verdadero	1.1516314779270633e-4
21	verás	1.1516314779270633e-4
21	van	1.1516314779270633e-4
21	trae	1.1516314779270633e-4
21	tío	1.1516314779270633e-4
21	tiempos	1.1516314779270633e-4
21	sobresalto	1.1516314779270633e-4
21	servir	1.1516314779270633e-4
21	señal	1.1516314779270633e-4
21	responder	1.1516314779270633e-4
21	quisieres	1.1516314779270633e-4
21	pocos	1.1516314779270633e-4
21	oyó	1.1516314779270633e-4
21	obligado	1.1516314779270633e-4
21	mesmos	1.1516314779270633e-4
21	mejores	1.1516314779270633e-4
21	malos	1.1516314779270633e-4
21	llegaron	1.1516314779270633e-4
21	llegado	1.1516314779270633e-4
21	llamado	1.1516314779270633e-4
21	hechos	1.1516314779270633e-4
21	hambre	1.1516314779270633e-4
21	hallaron	1.1516314779270633e-4
21	fui	1.1516314779270633e-4
21	estraño	1.1516314779270633e-4
21	entrambos	1.1516314779270633e-4
21	doy	1.1516314779270633e-4
21	doncellas	1.1516314779270633e-4
21	dinero	1.1516314779270633e-4
21	determinación	1.1516314779270633e-4
21	cualquiera	1.1516314779270633e-4
21	corral	1.1516314779270633e-4
21	conozco	1.1516314779270633e-4
21	conocido	1.1516314779270633e-4
21	burla	1.1516314779270633e-4
21	Aquí	1.1516314779270633e-4
21	ante	1.1516314779270633e-4
20	vuelta	1.0967918837400603e-4
20	voy	1.0967918837400603e-4
20	verdaderamente	1.0967918837400603e-4
20	veía	1.0967918837400603e-4
20	tuviera	1.0967918837400603e-4
20	señoras	1.0967918837400603e-4
20	sabes	1.0967918837400603e-4
20	querido	1.0967918837400603e-4
20	pasos	1.0967918837400603e-4
20	pasaron	1.0967918837400603e-4
20	parar	1.0967918837400603e-4
20	papeles	1.0967918837400603e-4
20	pan	1.0967918837400603e-4
20	pagar	1.0967918837400603e-4
20	oyeron	1.0967918837400603e-4
20	mostraba	1.0967918837400603e-4
20	mentira	1.0967918837400603e-4
20	locuras	1.0967918837400603e-4
20	llevó	1.0967918837400603e-4
20	justicia	1.0967918837400603e-4
20	irse	1.0967918837400603e-4
20	instante	1.0967918837400603e-4
20	hiciera	1.0967918837400603e-4
20	Hermandad	1.0967918837400603e-4
20	facilidad	1.0967918837400603e-4
20	estás	1.0967918837400603e-4
20	entiendo	1.0967918837400603e-4
20	enojo	1.0967918837400603e-4
20	emperador	1.0967918837400603e-4
20	donaire	1.0967918837400603e-4
20	discreta	1.0967918837400603e-4
20	dicha	1.0967918837400603e-4
20	deja	1.0967918837400603e-4
20	deben	1.0967918837400603e-4
20	contrario	1.0967918837400603e-4
20	coche	1.0967918837400603e-4
20	Clara	1.0967918837400603e-4
20	cierta	1.0967918837400603e-4
20	celada	1.0967918837400603e-4
20	arriero	1.0967918837400603e-4
20	alto	1.0967918837400603e-4
20	Ahora	1.0967918837400603e-4
20	acudir	1.0967918837400603e-4
19	vuestros	1.0419522895530572e-4
19	viaje	1.0419522895530572e-4
19	uso	1.0419522895530572e-4
19	tuvieron	1.0419522895530572e-4
19	tuve	1.0419522895530572e-4
19	sobrina	1.0419522895530572e-4
19	simple	1.0419522895530572e-4
19	servicio	1.0419522895530572e-4
19	señales	1.0419522895530572e-4
19	quisiese	1.0419522895530572e-4
19	Quién	1.0419522895530572e-4
19	ponía	1.0419522895530572e-4
19	podían	1.0419522895530572e-4
19	pendencia	1.0419522895530572e-4
19	par	1.0419522895530572e-4
19	oyendo	1.0419522895530572e-4
19	muchacho	1.0419522895530572e-4
19	mandado	1.0419522895530572e-4
19	llorar	1.0419522895530572e-4
19	llevaban	1.0419522895530572e-4
19	levantó	1.0419522895530572e-4
19	letra	1.0419522895530572e-4
19	juntos	1.0419522895530572e-4
19	ínsula	1.0419522895530572e-4
19	infanta	1.0419522895530572e-4
19	hacerse	1.0419522895530572e-4
19	guarda	1.0419522895530572e-4
19	gracias	1.0419522895530572e-4
19	Gaula	1.0419522895530572e-4
19	ganado	1.0419522895530572e-4
19	esperando	1.0419522895530572e-4
19	engaño	1.0419522895530572e-4
19	empresa	1.0419522895530572e-4
19	dientes	1.0419522895530572e-4
19	determinó	1.0419522895530572e-4
19	desventura	1.0419522895530572e-4
19	dejase	1.0419522895530572e-4
19	daré	1.0419522895530572e-4
19	cólera	1.0419522895530572e-4
19	carne	1.0419522895530572e-4
19	calidad	1.0419522895530572e-4
19	blanco	1.0419522895530572e-4
19	basta	1.0419522895530572e-4
19	asimesmo	1.0419522895530572e-4
19	artificio	1.0419522895530572e-4
19	arremetió	1.0419522895530572e-4
19	año	1.0419522895530572e-4
19	alzó	1.0419522895530572e-4
19	alforjas	1.0419522895530572e-4
19	adarga	1.0419522895530572e-4
19	abajo	1.0419522895530572e-4
18	viniese	9.871126953660543e-5
18	traído	9.871126953660543e-5
18	También	9.871126953660543e-5
18	sombra	9.871126953660543e-5
18	serlo	9.871126953660543e-5
18	secreto	9.871126953660543e-5
18	respuesta	9.871126953660543e-5
18	puesta	9.871126953660543e-5
18	pude	9.871126953660543e-5
18	pide	9.871126953660543e-5
18	penitencia	9.871126953660543e-5
18	oficio	9.871126953660543e-5
18	ocho	9.871126953660543e-5
18	mora	9.871126953660543e-5
18	molido	9.871126953660543e-5
18	mira	9.871126953660543e-5
18	merece	9.871126953660543e-5
18	llevado	9.871126953660543e-5
18	leyes	9.871126953660543e-5
18	Leandra	9.871126953660543e-5
18	Las	9.871126953660543e-5
18	lanzón	9.871126953660543e-5
18	hallo	9.871126953660543e-5
18	hallé	9.871126953660543e-5
18	hallaba	9.871126953660543e-5
18	grandeza	9.871126953660543e-5
18	golpes	9.871126953660543e-5
18	galeotes	9.871126953660543e-5
18	Esto	9.871126953660543e-5
18	escuderos	9.871126953660543e-5
18	esas	9.871126953660543e-5
18	Ella	9.871126953660543e-5
18	Él	9.871126953660543e-5
18	echó	9.871126953660543e-5
18	diez	9.871126953660543e-5
18	descubierto	9.871126953660543e-5
18	dellas	9.871126953660543e-5
18	decían	9.871126953660543e-5
18	Cuando	9.871126953660543e-5
18	cruel	9.871126953660543e-5
18	cristiana	9.871126953660543e-5
18	creyendo	9.871126953660543e-5
18	crédito	9.871126953660543e-5
18	cortesía	9.871126953660543e-5
18	correr	9.871126953660543e-5
18	confuso	9.871126953660543e-5
18	caña	9.871126953660543e-5
18	caído	9.871126953660543e-5
18	cabreros	9.871126953660543e-5
18	barba	9.871126953660543e-5
18	Andrés	9.871126953660543e-5
17	vimos	9.322731011790513e-5
17	vaya	9.322731011790513e-5
17	turcos	9.322731011790513e-5
17	trabajos	9.322731011790513e-5
17	suspiros	9.322731011790513e-5
17	subir	9.322731011790513e-5
17	Solo	9.322731011790513e-5
17	siquiera	9.322731011790513e-5
17	sepultura	9.322731011790513e-5
17	semejante	9.322731011790513e-5
17	seguro	9.322731011790513e-5
17	salido	9.322731011790513e-5
17	revés	9.322731011790513e-5
17	quiera	9.322731011790513e-5
17	promesas	9.322731011790513e-5
17	pesar	9.322731011790513e-5
17	Para	9.322731011790513e-5
17	palos	9.322731011790513e-5
17	nuevos	9.322731011790513e-5
17	mulas	9.322731011790513e-5
17	movido	9.322731011790513e-5
17	momento	9.322731011790513e-5
17	mías	9.322731011790513e-5
17	Mambrino	9.322731011790513e-5
17	linaje	9.322731011790513e-5
17	leguas	9.322731011790513e-5
17	ingenio	9.322731011790513e-5
17	impertinente	9.322731011790513e-5
17	hará	9.322731011790513e-5
17	haberle	9.322731011790513e-5
17	guardar	9.322731011790513e-5
17	golpe	9.322731011790513e-5
17	fecho	9.322731011790513e-5
17	esperanzas	9.322731011790513e-5
17	enemigos	9.322731011790513e-5
17	echar	9.322731011790513e-5
17	contar	9.322731011790513e-5
17	conde	9.322731011790513e-5
17	Cómo	9.322731011790513e-5
17	celos	9.322731011790513e-5
17	cautivos	9.322731011790513e-5
17	caminar	9.322731011790513e-5
17	bastante	9.322731011790513e-5
17	bálsamo	9.322731011790513e-5
17	andaban	9.322731011790513e-5
16	vienen	8.774335069920483e-5
16	usar	8.774335069920483e-5
16	temerosa	8.774335069920483e-5
16	subió	8.774335069920483e-5
16	soldados	8.774335069920483e-5
16	solas	8.774335069920483e-5
16	sentido	8.774335069920483e-5
16	segura	8.774335069920483e-5
16	satisfecho	8.774335069920483e-5
16	salida	8.774335069920483e-5
16	rica	8.774335069920483e-5
16	respondía	8.774335069920483e-5
16	respeto	8.774335069920483e-5
16	reinos	8.774335069920483e-5
16	recebir	8.774335069920483e-5
16	prosigue	8.774335069920483e-5
16	presente	8.774335069920483e-5
16	ponerse	8.774335069920483e-5
16	poeta	8.774335069920483e-5
16	pastora	8.774335069920483e-5
16	naturaleza	8.774335069920483e-5
16	montaña	8.774335069920483e-5
16	Micomicona	8.774335069920483e-5
16	Marién	8.774335069920483e-5
16	llevan	8.774335069920483e-5
16	lecho	8.774335069920483e-5
16	largo	8.774335069920483e-5
16	jaula	8.774335069920483e-5
16	jaez	8.774335069920483e-5
16	imposible	8.774335069920483e-5
16	historias	8.774335069920483e-5
16	Gran	8.774335069920483e-5
16	gracia	8.774335069920483e-5
16	galeras	8.774335069920483e-5
16	figura	8.774335069920483e-5
16	fermosa	8.774335069920483e-5
16	famosos	8.774335069920483e-5
16	estuviese	8.774335069920483e-5
16	estraña	8.774335069920483e-5
16	esos	8.774335069920483e-5
16	escudos	8.774335069920483e-5
16	escuchando	8.774335069920483e-5
16	entendió	8.774335069920483e-5
16	encantamento	8.774335069920483e-5
16	diga	8.774335069920483e-5
16	DE	8.774335069920483e-5
16	dará	8.774335069920483e-5
16	dan	8.774335069920483e-5
16	cueros	8.774335069920483e-5
16	Cuanto	8.774335069920483e-5
16	cualquier	8.774335069920483e-5
16	costumbre	8.774335069920483e-5
16	comodidad	8.774335069920483e-5
16	comenzaron	8.774335069920483e-5
16	carro	8.774335069920483e-5
16	belleza	8.774335069920483e-5
16	bajel	8.774335069920483e-5
16	baja	8.774335069920483e-5
16	arriba	8.774335069920483e-5
16	aparte	8.774335069920483e-5
16	Ambrosio	8.774335069920483e-5
16	alegre	8.774335069920483e-5
16	admiración	8.774335069920483e-5
16	acabado	8.774335069920483e-5
15	yerbas	8.225939128050452e-5
15	viejo	8.225939128050452e-5
15	verme	8.225939128050452e-5
15	verle	8.225939128050452e-5
15	veas	8.225939128050452e-5
15	traidor	8.225939128050452e-5
15	tendido	8.225939128050452e-5
15	talle	8.225939128050452e-5
15	siglos	8.225939128050452e-5
15	sierra	8.225939128050452e-5
15	ricos	8.225939128050452e-5
15	recebido	8.225939128050452e-5
15	quise	8.225939128050452e-5
15	quieren	8.225939128050452e-5
15	quedo	8.225939128050452e-5
15	preguntar	8.225939128050452e-5
15	pone	8.225939128050452e-5
15	pocas	8.225939128050452e-5
15	perdido	8.225939128050452e-5
15	pedir	8.225939128050452e-5
15	partida	8.225939128050452e-5
15	ofreció	8.225939128050452e-5
15	novela	8.225939128050452e-5
15	Mira	8.225939128050452e-5
15	míos	8.225939128050452e-5
15	menor	8.225939128050452e-5
15	ligereza	8.225939128050452e-5
15	intento	8.225939128050452e-5
15	honrado	8.225939128050452e-5
15	honrada	8.225939128050452e-5
15	honesta	8.225939128050452e-5
15	hablando	8.225939128050452e-5
15	hábito	8.225939128050452e-5
15	grandísimo	8.225939128050452e-5
15	gigantes	8.225939128050452e-5
15	fácil	8.225939128050452e-5
15	estremo	8.225939128050452e-5
15	estilo	8.225939128050452e-5
15	estáis	8.225939128050452e-5
15	entrañas	8.225939128050452e-5
15	doña	8.225939128050452e-5
15	dirá	8.225939128050452e-5
15	diera	8.225939128050452e-5
15	desto	8.225939128050452e-5
15	dejé	8.225939128050452e-5
15	daga	8.225939128050452e-5
15	cumplir	8.225939128050452e-5
15	cuentan	8.225939128050452e-5
15	cuello	8.225939128050452e-5
15	cuarenta	8.225939128050452e-5
15	cuadrillero	8.225939128050452e-5
15	costa	8.225939128050452e-5
15	convenía	8.225939128050452e-5
15	confusión	8.225939128050452e-5
15	conciencia	8.225939128050452e-5
15	compañeros	8.225939128050452e-5
15	compañero	8.225939128050452e-5
15	comenzado	8.225939128050452e-5
15	cinco	8.225939128050452e-5
15	cadena	8.225939128050452e-5
15	busca	8.225939128050452e-5
15	batallas	8.225939128050452e-5
15	Argel	8.225939128050452e-5
15	ansimesmo	8.225939128050452e-5
15	acudió	8.225939128050452e-5
15	acometer	8.225939128050452e-5
14	vivir	7.677543186180422e-5
14	viéndose	7.677543186180422e-5
14	verdaderas	7.677543186180422e-5
14	valle	7.677543186180422e-5
14	tomado	7.677543186180422e-5
14	temeroso	7.677543186180422e-5
14	tampoco	7.677543186180422e-5
14	talante	7.677543186180422e-5
14	suyas	7.677543186180422e-5
14	supiese	7.677543186180422e-5
14	solos	7.677543186180422e-5
14	solamente	7.677543186180422e-5
14	segunda	7.677543186180422e-5
14	sacó	7.677543186180422e-5
14	ruego	7.677543186180422e-5
14	rodillas	7.677543186180422e-5
14	rescate	7.677543186180422e-5
14	recato	7.677543186180422e-5
14	quitado	7.677543186180422e-5
14	queréis	7.677543186180422e-5
14	puertas	7.677543186180422e-5
14	profesión	7.677543186180422e-5
14	poetas	7.677543186180422e-5
14	podré	7.677543186180422e-5
14	pláticas	7.677543186180422e-5
14	pidió	7.677543186180422e-5
14	perlas	7.677543186180422e-5
14	perjuicio	7.677543186180422e-5
14	pensó	7.677543186180422e-5
14	peña	7.677543186180422e-5
14	pasados	7.677543186180422e-5
14	pareciéndole	7.677543186180422e-5
14	ofrecimientos	7.677543186180422e-5
14	necesario	7.677543186180422e-5
14	nacido	7.677543186180422e-5
14	mozos	7.677543186180422e-5
14	mover	7.677543186180422e-5
14	montañas	7.677543186180422e-5
14	marqués	7.677543186180422e-5
14	malas	7.677543186180422e-5
14	lugares	7.677543186180422e-5
14	lleva	7.677543186180422e-5
14	llegaba	7.677543186180422e-5
14	Lela	7.677543186180422e-5
14	lástima	7.677543186180422e-5
14	juntamente	7.677543186180422e-5
14	invención	7.677543186180422e-5
14	importancia	7.677543186180422e-5
14	imaginar	7.677543186180422e-5
14	Iglesia	7.677543186180422e-5
14	ido	7.677543186180422e-5
14	herida	7.677543186180422e-5
14	gentil	7.677543186180422e-5
14	furia	7.677543186180422e-5
14	faltaba	7.677543186180422e-5
14	esperaba	7.677543186180422e-5
14	efecto	7.677543186180422e-5
14	desventuras	7.677543186180422e-5
14	desgracias	7.677543186180422e-5
14	descuido	7.677543186180422e-5
14	dejaron	7.677543186180422e-5
14	decirse	7.677543186180422e-5
14	debió	7.677543186180422e-5
14	dalle	7.677543186180422e-5
14	conoció	7.677543186180422e-5
14	conocimiento	7.677543186180422e-5
14	común	7.677543186180422e-5
14	castellano	7.677543186180422e-5
14	caballos	7.677543186180422e-5
14	ayuda	7.677543186180422e-5
14	autores	7.677543186180422e-5
14	ausente	7.677543186180422e-5
14	arte	7.677543186180422e-5
14	altas	7.677543186180422e-5
14	aliento	7.677543186180422e-5
14	aire	7.677543186180422e-5
14	agradable	7.677543186180422e-5
13	volviese	7.129147244310392e-5
13	volvía	7.129147244310392e-5
13	vía	7.129147244310392e-5
13	verá	7.129147244310392e-5
13	vecino	7.129147244310392e-5
13	vamos	7.129147244310392e-5
13	trato	7.129147244310392e-5
13	tratar	7.129147244310392e-5
13	terrible	7.129147244310392e-5
13	sufrir	7.129147244310392e-5
13	soneto	7.129147244310392e-5
13	solía	7.129147244310392e-5
13	soledad	7.129147244310392e-5
13	Sierra	7.129147244310392e-5
13	salvo	7.129147244310392e-5
13	salud	7.129147244310392e-5
13	sabré	7.129147244310392e-5
13	rigor	7.129147244310392e-5
13	riendas	7.129147244310392e-5
13	reposo	7.129147244310392e-5
13	remo	7.129147244310392e-5
13	quedan	7.129147244310392e-5
13	quedado	7.129147244310392e-5
13	pusiese	7.129147244310392e-5
13	puse	7.129147244310392e-5
13	punta	7.129147244310392e-5
13	puerto	7.129147244310392e-5
13	pudieron	7.129147244310392e-5
13	prudencia	7.129147244310392e-5
13	ponga	7.129147244310392e-5
13	ponerme	7.129147244310392e-5
13	podido	7.129147244310392e-5
13	pieza	7.129147244310392e-5
13	pensativo	7.129147244310392e-5
13	peligros	7.129147244310392e-5
13	pedía	7.129147244310392e-5
13	pasada	7.129147244310392e-5
13	pasaban	7.129147244310392e-5
13	parecían	7.129147244310392e-5
13	pago	7.129147244310392e-5
13	olvido	7.129147244310392e-5
13	milagro	7.129147244310392e-5
13	matar	7.129147244310392e-5
13	mandamiento	7.129147244310392e-5
13	manda	7.129147244310392e-5
13	llegue	7.129147244310392e-5
13	legua	7.129147244310392e-5
13	infierno	7.129147244310392e-5
13	hermanos	7.129147244310392e-5
13	hacerme	7.129147244310392e-5
13	general	7.129147244310392e-5
13	Finalmente	7.129147244310392e-5
13	famosa	7.129147244310392e-5
13	falto	7.129147244310392e-5
13	estuviera	7.129147244310392e-5
13	estudiante	7.129147244310392e-5
13	estómago	7.129147244310392e-5
13	escudo	7.129147244310392e-5
13	escribir	7.129147244310392e-5
13	encantamentos	7.129147244310392e-5
13	encantador	7.129147244310392e-5
13	duro	7.129147244310392e-5
13	dulce	7.129147244310392e-5
13	digno	7.129147244310392e-5
13	dignas	7.129147244310392e-5
13	determinado	7.129147244310392e-5
13	desenvoltura	7.129147244310392e-5
13	defensa	7.129147244310392e-5
13	curiosidad	7.129147244310392e-5
13	creyó	7.129147244310392e-5
13	contenta	7.129147244310392e-5
13	consuelo	7.129147244310392e-5
13	conforme	7.129147244310392e-5
13	casas	7.129147244310392e-5
13	casado	7.129147244310392e-5
13	cantidad	7.129147244310392e-5
13	cabras	7.129147244310392e-5
13	brevedad	7.129147244310392e-5
13	Ay	7.129147244310392e-5
13	aviso	7.129147244310392e-5
13	atento	7.129147244310392e-5
13	atención	7.129147244310392e-5
13	atado	7.129147244310392e-5
13	apriesa	7.129147244310392e-5
13	anda	7.129147244310392e-5
13	aguas	7.129147244310392e-5
13	agravios	7.129147244310392e-5
